room_type,avg_revenue_proxy
Entire home/apt,128.92388269655015
Private room,57.163333286278025
Shared room,42.44354934109356
